userID,type,username,password,name,address,balance,department,rollNo,designation,position,membershipLevel
1,student,imran1,imran1@123,Imran Iqbal,"House 963, Quetta",85.2,Electrical Engineering,1001,,,
2,student,zain2,zain2@123,Zain Khan,"House 12, Quetta",181.84,Electrical Engineering,1002,,,
3,student,ahsan3,ahsan3@123,Ahsan Malik,"House 12, Karachi",63.35,Software Engineering,1003,,,
4,student,bilal4,bilal4@123,Bilal Khan,"House 54, Karachi",6.7,Electrical Engineering,1004,,,
5,student,ahsan5,ahsan5@123,Ahsan Shah,"House 488, Faisalabad",157.08,Physics,1005,,,
6,student,hussain6,hussain6@123,Hussain Butt,"House 633, Sialkot",55.06,Mathematics,1006,,,
7,student,adnan7,adnan7@123,Adnan Qureshi,"House 659, Rawalpindi",97.79,Physics,1007,,,
8,student,shahzaib8,shahzaib8@123,Shahzaib Siddiqui,"House 969, Karachi",127.9,Electrical Engineering,1008,,,
9,student,farhan9,farhan9@123,Farhan Malik,"House 770, Lahore",177.27,Mathematics,1009,,,
10,student,tariq10,tariq10@123,Tariq Siddiqui,"House 685, Karachi",137.04,Software Engineering,1010,,,
11,student,bilal11,bilal11@123,Bilal Khan,"House 625, Multan",178.21,Business Administration,1011,,,
12,student,shahzaib12,shahzaib12@123,Shahzaib Khan,"House 117, Lahore",43.91,Electrical Engineering,1012,,,
13,student,kamran13,kamran13@123,Kamran Rehman,"House 468, Sialkot",26.41,Computer Science,1013,,,
14,student,saad14,saad14@123,Saad Rehman,"House 177, Rawalpindi",111.5,Mechanical Engineering,1014,,,
15,student,ahsan15,ahsan15@123,Ahsan Ansari,"House 296, Hyderabad",136.11,Business Administration,1015,,,
16,student,shahzaib16,shahzaib16@123,Shahzaib Butt,"House 386, Rawalpindi",171.75,Physics,1016,,,
17,student,salman17,salman17@123,Salman Rehman,"House 636, Rawalpindi",55.46,Business Administration,1017,,,
18,student,danish18,danish18@123,Danish Baig,"House 116, Lahore",164.8,Electrical Engineering,1018,,,
19,student,usman19,usman19@123,Usman Khan,"House 266, Peshawar",7.23,Mechanical Engineering,1019,,,
20,student,noman20,noman20@123,Noman Baig,"House 571, Quetta",64.64,Computer Science,1020,,,
21,student,hussain21,hussain21@123,Hussain Baig,"House 642, Quetta",189.53,Software Engineering,1021,,,
22,student,rizwan22,rizwan22@123,Rizwan Shah,"House 927, Peshawar",145.1,Physics,1022,,,
23,student,ali23,ali23@123,Ali Ansari,"House 525, Lahore",107.17,Computer Science,1023,,,
24,student,noman24,noman24@123,Noman Malik,"House 894, Peshawar",31.81,Physics,1024,,,
25,student,imran25,imran25@123,Imran Farooq,"House 251, Karachi",175.99,Mathematics,1025,,,
26,student,hussain26,hussain26@123,Hussain Ansari,"House 601, Sialkot",82.91,Electrical Engineering,1026,,,
27,student,zain27,zain27@123,Zain Sheikh,"House 872, Rawalpindi",166.51,Electrical Engineering,1027,,,
28,student,ali28,ali28@123,Ali Khan,"House 483, Peshawar",16.22,Mechanical Engineering,1028,,,
29,student,usman29,usman29@123,Usman Qureshi,"House 136, Karachi",137.55,Business Administration,1029,,,
30,student,bilal30,bilal30@123,Bilal Ahmed,"House 821, Quetta",2.32,Mechanical Engineering,1030,,,
31,student,hamza31,hamza31@123,Hamza Chaudhry,"House 908, Hyderabad",107.23,Mechanical Engineering,1031,,,
32,student,shahzaib32,shahzaib32@123,Shahzaib Farooq,"House 924, Hyderabad",65.71,Physics,1032,,,
33,student,ali33,ali33@123,Ali Khan,"House 547, Karachi",99.88,Mathematics,1033,,,
34,student,hussain34,hussain34@123,Hussain Ansari,"House 191, Rawalpindi",6.17,Mathematics,1034,,,
35,student,hamza35,hamza35@123,Hamza Ahmed,"House 716, Faisalabad",81.9,Mechanical Engineering,1035,,,
36,student,imran36,imran36@123,Imran Sheikh,"House 347, Islamabad",98.7,Business Administration,1036,,,
37,student,bilal37,bilal37@123,Bilal Siddiqui,"House 463, Lahore",194.31,Mechanical Engineering,1037,,,
38,student,farhan38,farhan38@123,Farhan Hussain,"House 431, Quetta",10.93,Mechanical Engineering,1038,,,
39,student,zain39,zain39@123,Zain Butt,"House 429, Lahore",172.55,Business Administration,1039,,,
40,student,farhan40,farhan40@123,Farhan Ahmed,"House 811, Peshawar",189.38,Software Engineering,1040,,,
41,student,shahzaib41,shahzaib41@123,Shahzaib Qureshi,"House 860, Multan",177.74,Physics,1041,,,
42,student,saad42,saad42@123,Saad Ahmed,"House 37, Quetta",67.67,Mathematics,1042,,,
43,student,ali43,ali43@123,Ali Sheikh,"House 396, Sialkot",135.85,Electrical Engineering,1043,,,
44,student,ahsan44,ahsan44@123,Ahsan Ahmed,"House 736, Sialkot",104.29,Business Administration,1044,,,
45,student,rizwan45,rizwan45@123,Rizwan Khan,"House 789, Faisalabad",103.86,Business Administration,1045,,,
46,student,ahmed46,ahmed46@123,Ahmed Rehman,"House 772, Islamabad",152.99,Mathematics,1046,,,
47,student,saad47,saad47@123,Saad Chaudhry,"House 114, Faisalabad",79.33,Business Administration,1047,,,
48,student,adnan48,adnan48@123,Adnan Hussain,"House 141, Lahore",99.69,Mathematics,1048,,,
49,student,danish49,danish49@123,Danish Hussain,"House 420, Hyderabad",3.45,Software Engineering,1049,,,
50,student,danish50,danish50@123,Danish Farooq,"House 628, Lahore",80.6,Physics,1050,,,
51,student,tariq51,tariq51@123,Tariq Baig,"House 342, Sialkot",131.54,Software Engineering,1051,,,
52,student,danish52,danish52@123,Danish Malik,"House 241, Karachi",124.33,Business Administration,1052,,,
53,student,noman53,noman53@123,Noman Baig,"House 680, Lahore",157.56,Electrical Engineering,1053,,,
54,student,hassan54,hassan54@123,Hassan Sheikh,"House 566, Sialkot",143.82,Mathematics,1054,,,
55,student,rizwan55,rizwan55@123,Rizwan Sheikh,"House 145, Peshawar",40.78,Computer Science,1055,,,
56,student,adnan56,adnan56@123,Adnan Ahmed,"House 156, Karachi",19.37,Electrical Engineering,1056,,,
57,student,bilal57,bilal57@123,Bilal Iqbal,"House 176, Karachi",161.91,Electrical Engineering,1057,,,
58,student,shahzaib58,shahzaib58@123,Shahzaib Ahmed,"House 939, Hyderabad",97.33,Mechanical Engineering,1058,,,
59,student,kamran59,kamran59@123,Kamran Hussain,"House 806, Hyderabad",106.86,Software Engineering,1059,,,
60,student,usman60,usman60@123,Usman Rehman,"House 183, Hyderabad",137.03,Mechanical Engineering,1060,,,
61,student,zain61,zain61@123,Zain Rehman,"House 765, Multan",195.1,Mechanical Engineering,1061,,,
62,student,bilal62,bilal62@123,Bilal Iqbal,"House 686, Multan",165.22,Mechanical Engineering,1062,,,
63,student,danish63,danish63@123,Danish Iqbal,"House 852, Quetta",165.67,Software Engineering,1063,,,
64,student,ahsan64,ahsan64@123,Ahsan Farooq,"House 202, Sialkot",80.32,Mathematics,1064,,,
65,student,hamza65,hamza65@123,Hamza Hussain,"House 653, Hyderabad",180.93,Mechanical Engineering,1065,,,
66,student,ahmed66,ahmed66@123,Ahmed Iqbal,"House 980, Islamabad",68.08,Software Engineering,1066,,,
67,student,usman67,usman67@123,Usman Qureshi,"House 140, Karachi",76.65,Mechanical Engineering,1067,,,
68,student,ali68,ali68@123,Ali Chaudhry,"House 662, Karachi",75.61,Mathematics,1068,,,
69,student,ahmed69,ahmed69@123,Ahmed Malik,"House 59, Karachi",94.49,Business Administration,1069,,,
70,student,imran70,imran70@123,Imran Butt,"House 257, Karachi",131.01,Computer Science,1070,,,
71,student,hamza71,hamza71@123,Hamza Ahmed,"House 265, Karachi",41.6,Physics,1071,,,
72,student,hamza72,hamza72@123,Hamza Butt,"House 252, Lahore",82.56,Mathematics,1072,,,
73,student,imran73,imran73@123,Imran Baig,"House 617, Hyderabad",40.07,Software Engineering,1073,,,
74,student,danish74,danish74@123,Danish Iqbal,"House 763, Karachi",9.23,Business Administration,1074,,,
75,student,saad75,saad75@123,Saad Siddiqui,"House 819, Multan",183.6,Computer Science,1075,,,
76,student,kamran76,kamran76@123,Kamran Ahmed,"House 435, Faisalabad",149.14,Business Administration,1076,,,
77,student,shahzaib77,shahzaib77@123,Shahzaib Qureshi,"House 415, Peshawar",108.7,Electrical Engineering,1077,,,
78,student,usman78,usman78@123,Usman Rehman,"House 598, Faisalabad",196.78,Computer Science,1078,,,
79,student,shahzaib79,shahzaib79@123,Shahzaib Chaudhry,"House 478, Peshawar",49.08,Mathematics,1079,,,
80,student,shahzaib80,shahzaib80@123,Shahzaib Ahmed,"House 533, Islamabad",149.41,Mechanical Engineering,1080,,,
81,student,hamza81,hamza81@123,Hamza Shah,"House 421, Peshawar",9.5,Business Administration,1081,,,
82,student,imran82,imran82@123,Imran Qureshi,"House 947, Peshawar",149.25,Physics,1082,,,
83,student,salman83,salman83@123,Salman Hussain,"House 432, Islamabad",57.3,Software Engineering,1083,,,
84,student,tariq84,tariq84@123,Tariq Ansari,"House 182, Karachi",118.38,Software Engineering,1084,,,
85,student,hassan85,hassan85@123,Hassan Malik,"House 443, Multan",42.74,Software Engineering,1085,,,
86,student,shahzaib86,shahzaib86@123,Shahzaib Chaudhry,"House 860, Sialkot",27.11,Computer Science,1086,,,
87,student,hamza87,hamza87@123,Hamza Iqbal,"House 966, Multan",110.22,Software Engineering,1087,,,
88,student,ahsan88,ahsan88@123,Ahsan Ahmed,"House 376, Karachi",27.97,Mechanical Engineering,1088,,,
89,student,danish89,danish89@123,Danish Baig,"House 210, Hyderabad",89.34,Electrical Engineering,1089,,,
90,student,bilal90,bilal90@123,Bilal Malik,"House 859, Karachi",182.71,Software Engineering,1090,,,
91,student,noman91,noman91@123,Noman Chaudhry,"House 216, Faisalabad",180.31,Mathematics,1091,,,
92,student,hamza92,hamza92@123,Hamza Rehman,"House 653, Multan",67.58,Business Administration,1092,,,
93,student,usman93,usman93@123,Usman Siddiqui,"House 322, Hyderabad",31.57,Computer Science,1093,,,
94,student,farhan94,farhan94@123,Farhan Shah,"House 456, Rawalpindi",5.05,Electrical Engineering,1094,,,
95,student,saad95,saad95@123,Saad Sheikh,"House 389, Rawalpindi",152.29,Mathematics,1095,,,
96,student,danish96,danish96@123,Danish Chaudhry,"House 491, Multan",40.16,Business Administration,1096,,,
97,student,ali97,ali97@123,Ali Baig,"House 483, Peshawar",132.97,Physics,1097,,,
98,student,zain98,zain98@123,Zain Rehman,"House 298, Quetta",64.44,Physics,1098,,,
99,student,kamran99,kamran99@123,Kamran Iqbal,"House 627, Lahore",40.95,Physics,1099,,,
100,student,farhan100,farhan100@123,Farhan Shah,"House 299, Lahore",40.64,Physics,1100,,,
101,student,ali101,ali101@123,Ali Siddiqui,"House 65, Peshawar",6.1,Software Engineering,1101,,,
102,student,farhan102,farhan102@123,Farhan Ahmed,"House 670, Faisalabad",191.7,Electrical Engineering,1102,,,
103,student,noman103,noman103@123,Noman Malik,"House 667, Islamabad",143.58,Mathematics,1103,,,
104,student,hussain104,hussain104@123,Hussain Rehman,"House 732, Lahore",36.02,Mechanical Engineering,1104,,,
105,student,ahmed105,ahmed105@123,Ahmed Butt,"House 350, Lahore",89.07,Mechanical Engineering,1105,,,
106,student,ahsan106,ahsan106@123,Ahsan Ansari,"House 809, Faisalabad",58.76,Mathematics,1106,,,
107,student,kamran107,kamran107@123,Kamran Chaudhry,"House 294, Multan",81.31,Mathematics,1107,,,
108,student,bilal108,bilal108@123,Bilal Qureshi,"House 121, Faisalabad",27.26,Mechanical Engineering,1108,,,
109,student,hussain109,hussain109@123,Hussain Ansari,"House 237, Quetta",165.45,Electrical Engineering,1109,,,
110,student,hamza110,hamza110@123,Hamza Malik,"House 286, Sialkot",175.53,Physics,1110,,,
111,student,hassan111,hassan111@123,Hassan Hussain,"House 478, Multan",130.17,Physics,1111,,,
112,student,rizwan112,rizwan112@123,Rizwan Siddiqui,"House 61, Peshawar",124.05,Business Administration,1112,,,
113,student,ahsan113,ahsan113@123,Ahsan Iqbal,"House 716, Islamabad",71.89,Business Administration,1113,,,
114,student,danish114,danish114@123,Danish Hussain,"House 741, Islamabad",4.76,Physics,1114,,,
115,student,saad115,saad115@123,Saad Chaudhry,"House 803, Islamabad",8.42,Mathematics,1115,,,
116,student,imran116,imran116@123,Imran Hussain,"House 942, Faisalabad",80.09,Business Administration,1116,,,
117,student,rizwan117,rizwan117@123,Rizwan Rehman,"House 90, Faisalabad",5.01,Business Administration,1117,,,
118,student,tariq118,tariq118@123,Tariq Rehman,"House 733, Hyderabad",144.87,Business Administration,1118,,,
119,student,noman119,noman119@123,Noman Hussain,"House 243, Rawalpindi",197.0,Physics,1119,,,
120,student,farhan120,farhan120@123,Farhan Siddiqui,"House 751, Lahore",153.22,Business Administration,1120,,,
121,student,imran121,imran121@123,Imran Rehman,"House 481, Rawalpindi",180.9,Mechanical Engineering,1121,,,
122,student,hamza122,hamza122@123,Hamza Butt,"House 843, Peshawar",22.13,Computer Science,1122,,,
123,student,adnan123,adnan123@123,Adnan Khan,"House 582, Faisalabad",170.27,Business Administration,1123,,,
124,student,tariq124,tariq124@123,Tariq Siddiqui,"House 213, Faisalabad",133.35,Business Administration,1124,,,
125,student,ahsan125,ahsan125@123,Ahsan Malik,"House 466, Quetta",196.79,Mathematics,1125,,,
126,student,hamza126,hamza126@123,Hamza Butt,"House 719, Quetta",149.54,Computer Science,1126,,,
127,student,hussain127,hussain127@123,Hussain Chaudhry,"House 533, Quetta",135.77,Software Engineering,1127,,,
128,student,hassan128,hassan128@123,Hassan Siddiqui,"House 563, Faisalabad",172.89,Business Administration,1128,,,
129,student,ahsan129,ahsan129@123,Ahsan Malik,"House 406, Lahore",57.52,Mechanical Engineering,1129,,,
130,student,hamza130,hamza130@123,Hamza Khan,"House 2, Peshawar",1.39,Physics,1130,,,
131,student,zain131,zain131@123,Zain Malik,"House 967, Rawalpindi",190.91,Physics,1131,,,
132,student,noman132,noman132@123,Noman Sheikh,"House 44, Hyderabad",81.54,Physics,1132,,,
133,student,usman133,usman133@123,Usman Sheikh,"House 621, Islamabad",137.34,Mathematics,1133,,,
134,student,rizwan134,rizwan134@123,Rizwan Ansari,"House 479, Karachi",40.52,Mathematics,1134,,,
135,student,kamran135,kamran135@123,Kamran Baig,"House 774, Islamabad",63.49,Physics,1135,,,
136,student,zain136,zain136@123,Zain Malik,"House 320, Peshawar",140.1,Mechanical Engineering,1136,,,
137,student,danish137,danish137@123,Danish Siddiqui,"House 859, Hyderabad",64.88,Electrical Engineering,1137,,,
138,student,hussain138,hussain138@123,Hussain Iqbal,"House 671, Faisalabad",146.42,Mechanical Engineering,1138,,,
139,student,noman139,noman139@123,Noman Baig,"House 592, Karachi",50.14,Computer Science,1139,,,
140,student,saad140,saad140@123,Saad Farooq,"House 837, Faisalabad",198.13,Software Engineering,1140,,,
141,student,shahzaib141,shahzaib141@123,Shahzaib Khan,"House 71, Sialkot",79.08,Business Administration,1141,,,
142,student,danish142,danish142@123,Danish Butt,"House 741, Karachi",165.12,Mathematics,1142,,,
143,student,danish143,danish143@123,Danish Khan,"House 418, Faisalabad",13.53,Business Administration,1143,,,
144,student,rizwan144,rizwan144@123,Rizwan Hussain,"House 123, Rawalpindi",147.37,Electrical Engineering,1144,,,
145,student,rizwan145,rizwan145@123,Rizwan Khan,"House 431, Islamabad",93.62,Computer Science,1145,,,
146,student,usman146,usman146@123,Usman Baig,"House 859, Karachi",17.87,Electrical Engineering,1146,,,
147,student,tariq147,tariq147@123,Tariq Butt,"House 701, Multan",86.31,Physics,1147,,,
148,student,danish148,danish148@123,Danish Iqbal,"House 158, Islamabad",46.94,Physics,1148,,,
149,student,kamran149,kamran149@123,Kamran Sheikh,"House 57, Peshawar",74.89,Computer Science,1149,,,
150,student,imran150,imran150@123,Imran Farooq,"House 160, Faisalabad",37.65,Electrical Engineering,1150,,,
151,student,hassan151,hassan151@123,Hassan Sheikh,"House 726, Lahore",109.4,Business Administration,1151,,,
152,student,kamran152,kamran152@123,Kamran Butt,"House 97, Karachi",124.16,Computer Science,1152,,,
153,student,bilal153,bilal153@123,Bilal Sheikh,"House 738, Multan",43.59,Computer Science,1153,,,
154,student,hamza154,hamza154@123,Hamza Farooq,"House 361, Hyderabad",179.34,Physics,1154,,,
155,student,saad155,saad155@123,Saad Farooq,"House 599, Multan",152.45,Software Engineering,1155,,,
156,student,ahsan156,ahsan156@123,Ahsan Hussain,"House 655, Sialkot",121.66,Software Engineering,1156,,,
157,student,saad157,saad157@123,Saad Ansari,"House 188, Multan",160.66,Electrical Engineering,1157,,,
158,student,danish158,danish158@123,Danish Sheikh,"House 831, Hyderabad",161.98,Mathematics,1158,,,
159,student,hassan159,hassan159@123,Hassan Ansari,"House 833, Quetta",114.67,Electrical Engineering,1159,,,
160,student,rizwan160,rizwan160@123,Rizwan Chaudhry,"House 465, Rawalpindi",63.24,Business Administration,1160,,,
161,student,saad161,saad161@123,Saad Khan,"House 450, Islamabad",18.44,Physics,1161,,,
162,student,ahmed162,ahmed162@123,Ahmed Qureshi,"House 412, Karachi",76.81,Mechanical Engineering,1162,,,
163,student,zain163,zain163@123,Zain Farooq,"House 275, Karachi",45.21,Physics,1163,,,
164,student,rizwan164,rizwan164@123,Rizwan Shah,"House 454, Rawalpindi",76.72,Mathematics,1164,,,
165,student,bilal165,bilal165@123,Bilal Qureshi,"House 911, Hyderabad",104.38,Physics,1165,,,
166,student,rizwan166,rizwan166@123,Rizwan Malik,"House 199, Sialkot",89.0,Mechanical Engineering,1166,,,
167,student,ahmed167,ahmed167@123,Ahmed Chaudhry,"House 218, Quetta",14.59,Computer Science,1167,,,
168,student,ahmed168,ahmed168@123,Ahmed Ansari,"House 733, Karachi",95.74,Business Administration,1168,,,
169,student,imran169,imran169@123,Imran Siddiqui,"House 108, Faisalabad",110.3,Physics,1169,,,
170,student,kamran170,kamran170@123,Kamran Farooq,"House 436, Rawalpindi",34.19,Mechanical Engineering,1170,,,
171,student,ali171,ali171@123,Ali Siddiqui,"House 736, Faisalabad",24.89,Electrical Engineering,1171,,,
172,student,adnan172,adnan172@123,Adnan Butt,"House 783, Rawalpindi",55.16,Electrical Engineering,1172,,,
173,student,noman173,noman173@123,Noman Farooq,"House 673, Sialkot",144.27,Physics,1173,,,
174,student,saad174,saad174@123,Saad Rehman,"House 619, Lahore",50.19,Computer Science,1174,,,
175,student,hussain175,hussain175@123,Hussain Ahmed,"House 826, Islamabad",135.93,Software Engineering,1175,,,
176,student,saad176,saad176@123,Saad Butt,"House 338, Lahore",75.73,Mechanical Engineering,1176,,,
177,student,danish177,danish177@123,Danish Hussain,"House 727, Lahore",188.67,Mathematics,1177,,,
178,student,hassan178,hassan178@123,Hassan Chaudhry,"House 368, Quetta",98.35,Mechanical Engineering,1178,,,
179,student,rizwan179,rizwan179@123,Rizwan Chaudhry,"House 702, Faisalabad",33.48,Mathematics,1179,,,
180,student,kamran180,kamran180@123,Kamran Sheikh,"House 767, Quetta",73.19,Business Administration,1180,,,
181,student,shahzaib181,shahzaib181@123,Shahzaib Malik,"House 403, Rawalpindi",135.66,Electrical Engineering,1181,,,
182,student,saad182,saad182@123,Saad Siddiqui,"House 894, Hyderabad",188.46,Electrical Engineering,1182,,,
183,student,usman183,usman183@123,Usman Qureshi,"House 994, Faisalabad",114.98,Electrical Engineering,1183,,,
184,student,ali184,ali184@123,Ali Sheikh,"House 354, Islamabad",33.33,Business Administration,1184,,,
185,student,ahmed185,ahmed185@123,Ahmed Sheikh,"House 573, Rawalpindi",112.65,Mechanical Engineering,1185,,,
186,student,hussain186,hussain186@123,Hussain Hussain,"House 591, Islamabad",107.42,Electrical Engineering,1186,,,
187,student,salman187,salman187@123,Salman Butt,"House 218, Karachi",129.4,Physics,1187,,,
188,student,danish188,danish188@123,Danish Ahmed,"House 951, Sialkot",180.79,Electrical Engineering,1188,,,
189,student,bilal189,bilal189@123,Bilal Ahmed,"House 459, Quetta",18.9,Electrical Engineering,1189,,,
190,student,ahmed190,ahmed190@123,Ahmed Ansari,"House 191, Faisalabad",81.59,Business Administration,1190,,,
191,student,hamza191,hamza191@123,Hamza Butt,"House 980, Hyderabad",175.82,Software Engineering,1191,,,
192,student,imran192,imran192@123,Imran Ansari,"House 125, Hyderabad",69.46,Business Administration,1192,,,
193,student,saad193,saad193@123,Saad Shah,"House 253, Sialkot",58.95,Electrical Engineering,1193,,,
194,student,usman194,usman194@123,Usman Sheikh,"House 823, Sialkot",19.32,Mechanical Engineering,1194,,,
195,student,salman195,salman195@123,Salman Malik,"House 413, Faisalabad",113.67,Physics,1195,,,
196,student,saad196,saad196@123,Saad Shah,"House 178, Rawalpindi",141.78,Mathematics,1196,,,
197,student,saad197,saad197@123,Saad Ansari,"House 245, Lahore",121.24,Mathematics,1197,,,
198,student,adnan198,adnan198@123,Adnan Siddiqui,"House 971, Hyderabad",8.58,Electrical Engineering,1198,,,
199,student,danish199,danish199@123,Danish Ansari,"House 243, Peshawar",145.74,Software Engineering,1199,,,
200,student,kamran200,kamran200@123,Kamran Ahmed,"House 238, Hyderabad",113.54,Electrical Engineering,1200,,,
201,student,adnan201,adnan201@123,Adnan Hussain,"House 732, Quetta",43.64,Computer Science,1201,,,
202,student,hussain202,hussain202@123,Hussain Sheikh,"House 759, Peshawar",46.61,Software Engineering,1202,,,
203,student,ahsan203,ahsan203@123,Ahsan Khan,"House 871, Lahore",44.96,Business Administration,1203,,,
204,student,hassan204,hassan204@123,Hassan Butt,"House 81, Faisalabad",19.02,Mechanical Engineering,1204,,,
205,student,imran205,imran205@123,Imran Ahmed,"House 944, Multan",121.66,Business Administration,1205,,,
206,student,hamza206,hamza206@123,Hamza Iqbal,"House 483, Sialkot",151.96,Mechanical Engineering,1206,,,
207,student,usman207,usman207@123,Usman Chaudhry,"House 171, Faisalabad",97.25,Mechanical Engineering,1207,,,
208,student,bilal208,bilal208@123,Bilal Sheikh,"House 37, Quetta",172.99,Mechanical Engineering,1208,,,
209,student,bilal209,bilal209@123,Bilal Butt,"House 612, Peshawar",15.49,Mathematics,1209,,,
210,student,hussain210,hussain210@123,Hussain Qureshi,"House 543, Islamabad",191.08,Physics,1210,,,
211,student,adnan211,adnan211@123,Adnan Malik,"House 968, Peshawar",47.12,Electrical Engineering,1211,,,
212,student,tariq212,tariq212@123,Tariq Rehman,"House 148, Multan",14.9,Computer Science,1212,,,
213,student,shahzaib213,shahzaib213@123,Shahzaib Sheikh,"House 260, Quetta",93.76,Business Administration,1213,,,
214,student,danish214,danish214@123,Danish Shah,"House 654, Multan",120.02,Mathematics,1214,,,
215,student,ali215,ali215@123,Ali Ansari,"House 886, Peshawar",122.98,Business Administration,1215,,,
216,student,hussain216,hussain216@123,Hussain Qureshi,"House 30, Karachi",173.98,Business Administration,1216,,,
217,student,hamza217,hamza217@123,Hamza Shah,"House 101, Quetta",149.16,Business Administration,1217,,,
218,student,usman218,usman218@123,Usman Baig,"House 297, Quetta",141.33,Electrical Engineering,1218,,,
219,student,hamza219,hamza219@123,Hamza Malik,"House 952, Multan",48.92,Business Administration,1219,,,
220,student,salman220,salman220@123,Salman Chaudhry,"House 466, Sialkot",17.47,Computer Science,1220,,,
221,student,farhan221,farhan221@123,Farhan Ahmed,"House 244, Lahore",15.12,Business Administration,1221,,,
222,student,ahmed222,ahmed222@123,Ahmed Malik,"House 164, Karachi",88.87,Software Engineering,1222,,,
223,student,ali223,ali223@123,Ali Shah,"House 974, Quetta",133.7,Mathematics,1223,,,
224,student,hussain224,hussain224@123,Hussain Malik,"House 12, Islamabad",73.52,Mathematics,1224,,,
225,student,kamran225,kamran225@123,Kamran Hussain,"House 992, Rawalpindi",189.84,Mechanical Engineering,1225,,,
226,student,shahzaib226,shahzaib226@123,Shahzaib Ansari,"House 822, Multan",99.6,Computer Science,1226,,,
227,student,saad227,saad227@123,Saad Iqbal,"House 130, Rawalpindi",103.13,Mathematics,1227,,,
228,student,usman228,usman228@123,Usman Sheikh,"House 32, Faisalabad",103.9,Mechanical Engineering,1228,,,
229,student,saad229,saad229@123,Saad Hussain,"House 822, Hyderabad",29.86,Physics,1229,,,
230,student,salman230,salman230@123,Salman Ahmed,"House 665, Peshawar",33.34,Mechanical Engineering,1230,,,
231,student,tariq231,tariq231@123,Tariq Chaudhry,"House 856, Islamabad",69.13,Business Administration,1231,,,
232,student,ahsan232,ahsan232@123,Ahsan Siddiqui,"House 736, Islamabad",26.07,Software Engineering,1232,,,
233,student,adnan233,adnan233@123,Adnan Ahmed,"House 881, Peshawar",171.74,Mechanical Engineering,1233,,,
234,student,hassan234,hassan234@123,Hassan Rehman,"House 572, Rawalpindi",163.96,Mathematics,1234,,,
235,student,noman235,noman235@123,Noman Siddiqui,"House 85, Hyderabad",176.75,Physics,1235,,,
236,student,hamza236,hamza236@123,Hamza Siddiqui,"House 215, Multan",132.62,Software Engineering,1236,,,
237,student,bilal237,bilal237@123,Bilal Hussain,"House 492, Karachi",174.82,Computer Science,1237,,,
238,student,bilal238,bilal238@123,Bilal Baig,"House 399, Peshawar",139.46,Mathematics,1238,,,
239,student,hussain239,hussain239@123,Hussain Baig,"House 449, Islamabad",163.75,Mathematics,1239,,,
240,student,hamza240,hamza240@123,Hamza Farooq,"House 848, Lahore",84.68,Mathematics,1240,,,
241,student,imran241,imran241@123,Imran Butt,"House 186, Lahore",191.28,Mechanical Engineering,1241,,,
242,student,hassan242,hassan242@123,Hassan Malik,"House 9, Peshawar",148.3,Software Engineering,1242,,,
243,student,shahzaib243,shahzaib243@123,Shahzaib Siddiqui,"House 389, Karachi",113.01,Mathematics,1243,,,
244,student,hussain244,hussain244@123,Hussain Chaudhry,"House 94, Peshawar",190.43,Physics,1244,,,
245,student,farhan245,farhan245@123,Farhan Ahmed,"House 681, Quetta",96.54,Software Engineering,1245,,,
246,student,ahmed246,ahmed246@123,Ahmed Iqbal,"House 785, Peshawar",181.42,Business Administration,1246,,,
247,student,farhan247,farhan247@123,Farhan Hussain,"House 365, Lahore",176.04,Software Engineering,1247,,,
248,student,rizwan248,rizwan248@123,Rizwan Iqbal,"House 867, Karachi",172.48,Physics,1248,,,
249,student,danish249,danish249@123,Danish Rehman,"House 218, Sialkot",3.31,Mechanical Engineering,1249,,,
250,student,hamza250,hamza250@123,Hamza Butt,"House 52, Quetta",46.06,Electrical Engineering,1250,,,
251,student,imran251,imran251@123,Imran Khan,"House 592, Faisalabad",147.86,Computer Science,1251,,,
252,student,rizwan252,rizwan252@123,Rizwan Siddiqui,"House 42, Quetta",30.77,Business Administration,1252,,,
253,student,hassan253,hassan253@123,Hassan Ansari,"House 427, Karachi",54.83,Physics,1253,,,
254,student,ali254,ali254@123,Ali Malik,"House 790, Rawalpindi",138.94,Mathematics,1254,,,
255,student,adnan255,adnan255@123,Adnan Rehman,"House 337, Rawalpindi",22.0,Computer Science,1255,,,
256,student,kamran256,kamran256@123,Kamran Qureshi,"House 73, Multan",87.66,Mechanical Engineering,1256,,,
257,student,noman257,noman257@123,Noman Ansari,"House 507, Multan",93.69,Electrical Engineering,1257,,,
258,student,rizwan258,rizwan258@123,Rizwan Iqbal,"House 903, Rawalpindi",99.99,Electrical Engineering,1258,,,
259,student,adnan259,adnan259@123,Adnan Hussain,"House 478, Multan",50.43,Software Engineering,1259,,,
260,student,salman260,salman260@123,Salman Qureshi,"House 939, Hyderabad",6.13,Physics,1260,,,
261,student,rizwan261,rizwan261@123,Rizwan Ahmed,"House 667, Karachi",190.7,Computer Science,1261,,,
262,student,hussain262,hussain262@123,Hussain Butt,"House 314, Hyderabad",68.31,Business Administration,1262,,,
263,student,kamran263,kamran263@123,Kamran Ahmed,"House 391, Sialkot",162.81,Business Administration,1263,,,
264,student,kamran264,kamran264@123,Kamran Chaudhry,"House 985, Faisalabad",10.0,Software Engineering,1264,,,
265,student,danish265,danish265@123,Danish Hussain,"House 770, Faisalabad",99.75,Electrical Engineering,1265,,,
266,student,farhan266,farhan266@123,Farhan Iqbal,"House 441, Hyderabad",160.86,Electrical Engineering,1266,,,
267,student,zain267,zain267@123,Zain Malik,"House 44, Lahore",109.17,Mathematics,1267,,,
268,student,hassan268,hassan268@123,Hassan Khan,"House 379, Karachi",159.95,Software Engineering,1268,,,
269,student,bilal269,bilal269@123,Bilal Khan,"House 590, Rawalpindi",124.37,Mechanical Engineering,1269,,,
270,student,noman270,noman270@123,Noman Ansari,"House 302, Faisalabad",142.34,Physics,1270,,,
271,student,rizwan271,rizwan271@123,Rizwan Sheikh,"House 296, Hyderabad",194.9,Computer Science,1271,,,
272,student,usman272,usman272@123,Usman Iqbal,"House 276, Rawalpindi",12.78,Software Engineering,1272,,,
273,student,zain273,zain273@123,Zain Iqbal,"House 185, Hyderabad",133.78,Mechanical Engineering,1273,,,
274,student,saad274,saad274@123,Saad Butt,"House 798, Rawalpindi",54.36,Computer Science,1274,,,
275,student,ahsan275,ahsan275@123,Ahsan Chaudhry,"House 963, Karachi",6.21,Computer Science,1275,,,
276,student,usman276,usman276@123,Usman Siddiqui,"House 261, Peshawar",96.06,Mathematics,1276,,,
277,student,bilal277,bilal277@123,Bilal Shah,"House 96, Hyderabad",132.8,Mathematics,1277,,,
278,student,bilal278,bilal278@123,Bilal Farooq,"House 917, Sialkot",151.85,Electrical Engineering,1278,,,
279,student,shahzaib279,shahzaib279@123,Shahzaib Butt,"House 173, Hyderabad",174.66,Software Engineering,1279,,,
280,student,saad280,saad280@123,Saad Qureshi,"House 130, Quetta",89.53,Mechanical Engineering,1280,,,
281,student,ahmed281,ahmed281@123,Ahmed Qureshi,"House 980, Peshawar",46.83,Computer Science,1281,,,
282,student,usman282,usman282@123,Usman Ansari,"House 201, Hyderabad",98.66,Electrical Engineering,1282,,,
283,student,ahmed283,ahmed283@123,Ahmed Qureshi,"House 226, Rawalpindi",38.08,Mechanical Engineering,1283,,,
284,student,hamza284,hamza284@123,Hamza Malik,"House 632, Lahore",72.06,Physics,1284,,,
285,student,salman285,salman285@123,Salman Ahmed,"House 567, Islamabad",49.79,Mechanical Engineering,1285,,,
286,student,hussain286,hussain286@123,Hussain Khan,"House 213, Karachi",176.26,Mechanical Engineering,1286,,,
287,student,zain287,zain287@123,Zain Hussain,"House 384, Rawalpindi",62.38,Computer Science,1287,,,
288,student,usman288,usman288@123,Usman Farooq,"House 570, Hyderabad",46.35,Mathematics,1288,,,
289,student,imran289,imran289@123,Imran Khan,"House 136, Rawalpindi",95.19,Physics,1289,,,
290,student,usman290,usman290@123,Usman Baig,"House 930, Peshawar",94.1,Mechanical Engineering,1290,,,
291,student,shahzaib291,shahzaib291@123,Shahzaib Ansari,"House 528, Islamabad",100.23,Electrical Engineering,1291,,,
292,student,salman292,salman292@123,Salman Hussain,"House 951, Quetta",3.8,Physics,1292,,,
293,student,hussain293,hussain293@123,Hussain Sheikh,"House 525, Lahore",174.29,Mathematics,1293,,,
294,student,usman294,usman294@123,Usman Chaudhry,"House 439, Hyderabad",5.6,Software Engineering,1294,,,
295,student,shahzaib295,shahzaib295@123,Shahzaib Ahmed,"House 794, Peshawar",51.22,Physics,1295,,,
296,student,noman296,noman296@123,Noman Ahmed,"House 569, Peshawar",117.24,Mathematics,1296,,,
297,student,tariq297,tariq297@123,Tariq Malik,"House 610, Multan",150.47,Software Engineering,1297,,,
298,student,adnan298,adnan298@123,Adnan Iqbal,"House 400, Sialkot",123.44,Business Administration,1298,,,
299,student,danish299,danish299@123,Danish Iqbal,"House 656, Sialkot",77.9,Business Administration,1299,,,
300,student,tariq300,tariq300@123,Tariq Hussain,"House 380, Multan",167.59,Electrical Engineering,1300,,,
301,student,danish301,danish301@123,Danish Butt,"House 283, Hyderabad",110.94,Software Engineering,1301,,,
302,student,bilal302,bilal302@123,Bilal Siddiqui,"House 520, Faisalabad",181.32,Physics,1302,,,
303,student,saad303,saad303@123,Saad Baig,"House 179, Lahore",1.89,Electrical Engineering,1303,,,
304,student,adnan304,adnan304@123,Adnan Ansari,"House 526, Sialkot",91.9,Mechanical Engineering,1304,,,
305,student,ahsan305,ahsan305@123,Ahsan Malik,"House 564, Lahore",173.4,Computer Science,1305,,,
306,student,adnan306,adnan306@123,Adnan Butt,"House 176, Rawalpindi",129.1,Physics,1306,,,
307,student,hamza307,hamza307@123,Hamza Chaudhry,"House 40, Sialkot",2.73,Mechanical Engineering,1307,,,
308,student,imran308,imran308@123,Imran Malik,"House 325, Rawalpindi",94.49,Physics,1308,,,
309,student,usman309,usman309@123,Usman Chaudhry,"House 817, Lahore",63.64,Mathematics,1309,,,
310,student,salman310,salman310@123,Salman Ahmed,"House 779, Hyderabad",9.75,Software Engineering,1310,,,
311,student,adnan311,adnan311@123,Adnan Butt,"House 917, Lahore",96.78,Computer Science,1311,,,
312,student,imran312,imran312@123,Imran Qureshi,"House 190, Quetta",112.84,Software Engineering,1312,,,
313,student,farhan313,farhan313@123,Farhan Ahmed,"House 429, Hyderabad",49.59,Business Administration,1313,,,
314,student,adnan314,adnan314@123,Adnan Chaudhry,"House 905, Quetta",119.18,Software Engineering,1314,,,
315,student,hassan315,hassan315@123,Hassan Khan,"House 376, Rawalpindi",195.69,Computer Science,1315,,,
316,student,ahmed316,ahmed316@123,Ahmed Rehman,"House 890, Faisalabad",120.65,Electrical Engineering,1316,,,
317,student,zain317,zain317@123,Zain Baig,"House 978, Sialkot",157.88,Computer Science,1317,,,
318,student,ahmed318,ahmed318@123,Ahmed Butt,"House 738, Hyderabad",194.02,Computer Science,1318,,,
319,student,bilal319,bilal319@123,Bilal Baig,"House 300, Quetta",112.55,Business Administration,1319,,,
320,student,usman320,usman320@123,Usman Chaudhry,"House 314, Faisalabad",123.34,Electrical Engineering,1320,,,
321,student,imran321,imran321@123,Imran Shah,"House 764, Peshawar",138.45,Physics,1321,,,
322,student,hassan322,hassan322@123,Hassan Iqbal,"House 300, Peshawar",20.07,Electrical Engineering,1322,,,
323,student,hussain323,hussain323@123,Hussain Ahmed,"House 58, Peshawar",88.32,Mechanical Engineering,1323,,,
324,student,bilal324,bilal324@123,Bilal Farooq,"House 561, Multan",118.45,Electrical Engineering,1324,,,
325,student,hamza325,hamza325@123,Hamza Khan,"House 321, Rawalpindi",80.92,Computer Science,1325,,,
326,student,shahzaib326,shahzaib326@123,Shahzaib Ansari,"House 873, Quetta",15.24,Computer Science,1326,,,
327,student,zain327,zain327@123,Zain Chaudhry,"House 650, Sialkot",166.47,Computer Science,1327,,,
328,student,usman328,usman328@123,Usman Malik,"House 47, Karachi",136.93,Physics,1328,,,
329,student,shahzaib329,shahzaib329@123,Shahzaib Sheikh,"House 216, Islamabad",120.0,Software Engineering,1329,,,
330,student,imran330,imran330@123,Imran Rehman,"House 6, Multan",99.36,Mathematics,1330,,,
331,student,imran331,imran331@123,Imran Butt,"House 46, Faisalabad",171.6,Mechanical Engineering,1331,,,
332,student,imran332,imran332@123,Imran Iqbal,"House 621, Hyderabad",115.12,Mathematics,1332,,,
333,student,saad333,saad333@123,Saad Sheikh,"House 110, Karachi",79.36,Business Administration,1333,,,
334,student,zain334,zain334@123,Zain Butt,"House 38, Islamabad",9.4,Mechanical Engineering,1334,,,
335,student,hassan335,hassan335@123,Hassan Butt,"House 548, Hyderabad",21.03,Physics,1335,,,
336,student,shahzaib336,shahzaib336@123,Shahzaib Iqbal,"House 83, Lahore",60.77,Software Engineering,1336,,,
337,student,kamran337,kamran337@123,Kamran Butt,"House 497, Multan",84.1,Business Administration,1337,,,
338,student,hamza338,hamza338@123,Hamza Siddiqui,"House 688, Multan",54.23,Electrical Engineering,1338,,,
339,student,ali339,ali339@123,Ali Ahmed,"House 408, Faisalabad",72.89,Mathematics,1339,,,
340,student,ali340,ali340@123,Ali Chaudhry,"House 977, Rawalpindi",27.84,Mathematics,1340,,,
341,student,noman341,noman341@123,Noman Ahmed,"House 683, Islamabad",93.13,Electrical Engineering,1341,,,
342,student,ali342,ali342@123,Ali Sheikh,"House 987, Islamabad",68.77,Software Engineering,1342,,,
343,student,hamza343,hamza343@123,Hamza Ansari,"House 478, Multan",176.6,Mechanical Engineering,1343,,,
344,student,salman344,salman344@123,Salman Qureshi,"House 863, Faisalabad",118.02,Physics,1344,,,
345,student,kamran345,kamran345@123,Kamran Sheikh,"House 643, Hyderabad",81.44,Mathematics,1345,,,
346,student,noman346,noman346@123,Noman Iqbal,"House 939, Multan",102.46,Computer Science,1346,,,
347,student,ahmed347,ahmed347@123,Ahmed Baig,"House 746, Quetta",4.28,Electrical Engineering,1347,,,
348,student,shahzaib348,shahzaib348@123,Shahzaib Qureshi,"House 235, Quetta",123.79,Physics,1348,,,
349,student,bilal349,bilal349@123,Bilal Farooq,"House 72, Lahore",137.37,Physics,1349,,,
350,student,ahmed350,ahmed350@123,Ahmed Iqbal,"House 136, Rawalpindi",100.25,Electrical Engineering,1350,,,
351,student,imran351,imran351@123,Imran Baig,"House 547, Multan",127.14,Business Administration,1351,,,
352,student,danish352,danish352@123,Danish Khan,"House 573, Hyderabad",149.02,Mechanical Engineering,1352,,,
353,student,hamza353,hamza353@123,Hamza Rehman,"House 606, Rawalpindi",114.61,Business Administration,1353,,,
354,student,salman354,salman354@123,Salman Farooq,"House 29, Multan",49.43,Mathematics,1354,,,
355,student,danish355,danish355@123,Danish Ahmed,"House 551, Multan",25.61,Computer Science,1355,,,
356,student,imran356,imran356@123,Imran Chaudhry,"House 310, Rawalpindi",56.88,Software Engineering,1356,,,
357,student,saad357,saad357@123,Saad Baig,"House 967, Multan",125.75,Software Engineering,1357,,,
358,student,shahzaib358,shahzaib358@123,Shahzaib Iqbal,"House 873, Hyderabad",83.06,Mathematics,1358,,,
359,student,ahmed359,ahmed359@123,Ahmed Shah,"House 820, Quetta",30.75,Software Engineering,1359,,,
360,student,noman360,noman360@123,Noman Qureshi,"House 509, Peshawar",155.63,Business Administration,1360,,,
361,student,danish361,danish361@123,Danish Hussain,"House 395, Lahore",134.35,Software Engineering,1361,,,
362,student,adnan362,adnan362@123,Adnan Qureshi,"House 806, Karachi",136.38,Mathematics,1362,,,
363,student,usman363,usman363@123,Usman Khan,"House 860, Hyderabad",52.11,Electrical Engineering,1363,,,
364,student,hamza364,hamza364@123,Hamza Farooq,"House 385, Peshawar",149.3,Physics,1364,,,
365,student,rizwan365,rizwan365@123,Rizwan Hussain,"House 704, Rawalpindi",178.87,Mathematics,1365,,,
366,student,ali366,ali366@123,Ali Butt,"House 223, Islamabad",194.72,Business Administration,1366,,,
367,student,imran367,imran367@123,Imran Baig,"House 615, Quetta",53.73,Computer Science,1367,,,
368,student,shahzaib368,shahzaib368@123,Shahzaib Hussain,"House 749, Sialkot",112.57,Physics,1368,,,
369,student,hussain369,hussain369@123,Hussain Siddiqui,"House 479, Sialkot",195.23,Business Administration,1369,,,
370,student,tariq370,tariq370@123,Tariq Rehman,"House 58, Hyderabad",9.17,Software Engineering,1370,,,
371,student,adnan371,adnan371@123,Adnan Butt,"House 127, Hyderabad",15.1,Computer Science,1371,,,
372,student,rizwan372,rizwan372@123,Rizwan Butt,"House 453, Islamabad",99.94,Software Engineering,1372,,,
373,student,ali373,ali373@123,Ali Rehman,"House 734, Faisalabad",117.13,Physics,1373,,,
374,student,rizwan374,rizwan374@123,Rizwan Chaudhry,"House 56, Peshawar",134.59,Computer Science,1374,,,
375,student,shahzaib375,shahzaib375@123,Shahzaib Qureshi,"House 999, Karachi",1.11,Mechanical Engineering,1375,,,
376,student,ahsan376,ahsan376@123,Ahsan Ahmed,"House 906, Islamabad",22.35,Mechanical Engineering,1376,,,
377,student,tariq377,tariq377@123,Tariq Malik,"House 961, Multan",168.22,Electrical Engineering,1377,,,
378,student,hamza378,hamza378@123,Hamza Butt,"House 45, Karachi",86.45,Electrical Engineering,1378,,,
379,student,hamza379,hamza379@123,Hamza Qureshi,"House 586, Lahore",83.03,Physics,1379,,,
380,student,kamran380,kamran380@123,Kamran Malik,"House 949, Hyderabad",8.81,Software Engineering,1380,,,
381,student,tariq381,tariq381@123,Tariq Rehman,"House 588, Hyderabad",89.55,Physics,1381,,,
382,student,hussain382,hussain382@123,Hussain Siddiqui,"House 513, Faisalabad",8.08,Mathematics,1382,,,
383,student,zain383,zain383@123,Zain Butt,"House 947, Islamabad",83.75,Mechanical Engineering,1383,,,
384,student,noman384,noman384@123,Noman Khan,"House 243, Sialkot",150.9,Business Administration,1384,,,
385,student,danish385,danish385@123,Danish Chaudhry,"House 568, Karachi",94.24,Mechanical Engineering,1385,,,
386,student,ahsan386,ahsan386@123,Ahsan Hussain,"House 175, Quetta",139.65,Business Administration,1386,,,
387,student,zain387,zain387@123,Zain Ansari,"House 186, Lahore",178.98,Business Administration,1387,,,
388,student,ahmed388,ahmed388@123,Ahmed Hussain,"House 529, Sialkot",118.49,Computer Science,1388,,,
389,student,hussain389,hussain389@123,Hussain Rehman,"House 472, Quetta",45.15,Mathematics,1389,,,
390,student,noman390,noman390@123,Noman Chaudhry,"House 968, Karachi",71.88,Software Engineering,1390,,,
391,student,hassan391,hassan391@123,Hassan Baig,"House 367, Islamabad",98.48,Electrical Engineering,1391,,,
392,student,kamran392,kamran392@123,Kamran Khan,"House 631, Multan",13.88,Physics,1392,,,
393,student,hamza393,hamza393@123,Hamza Siddiqui,"House 664, Hyderabad",100.62,Software Engineering,1393,,,
394,student,saad394,saad394@123,Saad Baig,"House 422, Rawalpindi",141.96,Software Engineering,1394,,,
395,student,danish395,danish395@123,Danish Iqbal,"House 464, Karachi",185.83,Software Engineering,1395,,,
396,student,adnan396,adnan396@123,Adnan Iqbal,"House 366, Karachi",142.77,Mechanical Engineering,1396,,,
397,student,noman397,noman397@123,Noman Butt,"House 511, Rawalpindi",160.33,Computer Science,1397,,,
398,student,adnan398,adnan398@123,Adnan Ansari,"House 668, Quetta",148.09,Physics,1398,,,
399,student,hamza399,hamza399@123,Hamza Qureshi,"House 247, Rawalpindi",78.27,Physics,1399,,,
400,student,noman400,noman400@123,Noman Malik,"House 913, Hyderabad",51.73,Physics,1400,,,
401,student,salman401,salman401@123,Salman Chaudhry,"House 678, Peshawar",134.38,Business Administration,1401,,,
402,student,shahzaib402,shahzaib402@123,Shahzaib Sheikh,"House 982, Rawalpindi",116.02,Business Administration,1402,,,
403,student,hassan403,hassan403@123,Hassan Khan,"House 290, Hyderabad",142.23,Mechanical Engineering,1403,,,
404,student,farhan404,farhan404@123,Farhan Qureshi,"House 170, Quetta",24.01,Mathematics,1404,,,
405,student,danish405,danish405@123,Danish Rehman,"House 87, Faisalabad",80.74,Mechanical Engineering,1405,,,
406,student,hussain406,hussain406@123,Hussain Shah,"House 467, Sialkot",28.94,Software Engineering,1406,,,
407,student,ahsan407,ahsan407@123,Ahsan Sheikh,"House 651, Hyderabad",43.32,Electrical Engineering,1407,,,
408,student,farhan408,farhan408@123,Farhan Butt,"House 396, Sialkot",38.76,Computer Science,1408,,,
409,student,ali409,ali409@123,Ali Sheikh,"House 239, Hyderabad",162.57,Mechanical Engineering,1409,,,
410,student,salman410,salman410@123,Salman Farooq,"House 856, Faisalabad",80.88,Electrical Engineering,1410,,,
411,student,saad411,saad411@123,Saad Sheikh,"House 605, Hyderabad",168.2,Mathematics,1411,,,
412,student,bilal412,bilal412@123,Bilal Farooq,"House 532, Hyderabad",166.36,Computer Science,1412,,,
413,student,zain413,zain413@123,Zain Ahmed,"House 826, Peshawar",123.02,Mechanical Engineering,1413,,,
414,student,hassan414,hassan414@123,Hassan Siddiqui,"House 285, Karachi",109.35,Mathematics,1414,,,
415,student,ahmed415,ahmed415@123,Ahmed Iqbal,"House 443, Quetta",67.4,Physics,1415,,,
416,student,bilal416,bilal416@123,Bilal Hussain,"House 732, Quetta",156.04,Physics,1416,,,
417,student,ahsan417,ahsan417@123,Ahsan Rehman,"House 721, Hyderabad",0.43,Mechanical Engineering,1417,,,
418,student,ahsan418,ahsan418@123,Ahsan Rehman,"House 350, Islamabad",75.68,Mechanical Engineering,1418,,,
419,student,bilal419,bilal419@123,Bilal Chaudhry,"House 729, Sialkot",71.91,Electrical Engineering,1419,,,
420,student,saad420,saad420@123,Saad Qureshi,"House 71, Sialkot",116.05,Mechanical Engineering,1420,,,
421,student,zain421,zain421@123,Zain Hussain,"House 618, Karachi",33.61,Electrical Engineering,1421,,,
422,student,noman422,noman422@123,Noman Butt,"House 931, Multan",90.17,Mechanical Engineering,1422,,,
423,student,imran423,imran423@123,Imran Chaudhry,"House 191, Multan",10.56,Mechanical Engineering,1423,,,
424,student,tariq424,tariq424@123,Tariq Rehman,"House 539, Faisalabad",65.34,Electrical Engineering,1424,,,
425,student,bilal425,bilal425@123,Bilal Siddiqui,"House 334, Faisalabad",56.32,Software Engineering,1425,,,
426,student,imran426,imran426@123,Imran Khan,"House 135, Multan",120.96,Computer Science,1426,,,
427,student,usman427,usman427@123,Usman Rehman,"House 406, Islamabad",154.95,Mathematics,1427,,,
428,student,hamza428,hamza428@123,Hamza Iqbal,"House 99, Peshawar",101.36,Electrical Engineering,1428,,,
429,student,adnan429,adnan429@123,Adnan Rehman,"House 584, Multan",162.46,Mechanical Engineering,1429,,,
430,student,danish430,danish430@123,Danish Hussain,"House 429, Sialkot",52.67,Electrical Engineering,1430,,,
431,student,imran431,imran431@123,Imran Butt,"House 712, Faisalabad",74.71,Mathematics,1431,,,
432,student,ahsan432,ahsan432@123,Ahsan Chaudhry,"House 206, Quetta",111.42,Business Administration,1432,,,
433,student,kamran433,kamran433@123,Kamran Qureshi,"House 152, Rawalpindi",27.26,Physics,1433,,,
434,student,adnan434,adnan434@123,Adnan Baig,"House 96, Rawalpindi",11.74,Computer Science,1434,,,
435,student,adnan435,adnan435@123,Adnan Sheikh,"House 966, Islamabad",64.95,Business Administration,1435,,,
436,student,hassan436,hassan436@123,Hassan Khan,"House 731, Lahore",0.57,Business Administration,1436,,,
437,student,adnan437,adnan437@123,Adnan Iqbal,"House 936, Sialkot",30.11,Computer Science,1437,,,
438,student,danish438,danish438@123,Danish Khan,"House 779, Quetta",145.63,Physics,1438,,,
439,student,shahzaib439,shahzaib439@123,Shahzaib Qureshi,"House 90, Quetta",108.01,Physics,1439,,,
440,student,rizwan440,rizwan440@123,Rizwan Khan,"House 997, Rawalpindi",148.88,Mechanical Engineering,1440,,,
441,student,hassan441,hassan441@123,Hassan Qureshi,"House 443, Lahore",107.06,Software Engineering,1441,,,
442,student,saad442,saad442@123,Saad Ansari,"House 731, Quetta",79.32,Business Administration,1442,,,
443,student,kamran443,kamran443@123,Kamran Butt,"House 882, Lahore",155.86,Electrical Engineering,1443,,,
444,student,adnan444,adnan444@123,Adnan Iqbal,"House 943, Peshawar",188.73,Electrical Engineering,1444,,,
445,student,adnan445,adnan445@123,Adnan Ansari,"House 451, Sialkot",150.56,Electrical Engineering,1445,,,
446,student,ahmed446,ahmed446@123,Ahmed Shah,"House 906, Faisalabad",30.55,Mathematics,1446,,,
447,student,salman447,salman447@123,Salman Qureshi,"House 667, Multan",108.35,Software Engineering,1447,,,
448,student,shahzaib448,shahzaib448@123,Shahzaib Chaudhry,"House 641, Peshawar",122.51,Computer Science,1448,,,
449,student,ali449,ali449@123,Ali Iqbal,"House 697, Faisalabad",113.61,Business Administration,1449,,,
450,student,hassan450,hassan450@123,Hassan Baig,"House 288, Karachi",54.0,Computer Science,1450,,,
451,student,farhan451,farhan451@123,Farhan Rehman,"House 399, Rawalpindi",127.43,Mechanical Engineering,1451,,,
452,student,shahzaib452,shahzaib452@123,Shahzaib Malik,"House 22, Faisalabad",64.19,Physics,1452,,,
453,student,tariq453,tariq453@123,Tariq Baig,"House 239, Karachi",193.45,Mechanical Engineering,1453,,,
454,student,hamza454,hamza454@123,Hamza Farooq,"House 425, Multan",59.67,Business Administration,1454,,,
455,student,hussain455,hussain455@123,Hussain Iqbal,"House 700, Quetta",49.96,Computer Science,1455,,,
456,student,kamran456,kamran456@123,Kamran Sheikh,"House 531, Sialkot",48.44,Computer Science,1456,,,
457,student,usman457,usman457@123,Usman Malik,"House 715, Multan",38.26,Software Engineering,1457,,,
458,student,shahzaib458,shahzaib458@123,Shahzaib Baig,"House 506, Rawalpindi",40.67,Electrical Engineering,1458,,,
459,student,imran459,imran459@123,Imran Baig,"House 84, Hyderabad",135.52,Computer Science,1459,,,
460,student,noman460,noman460@123,Noman Ahmed,"House 927, Peshawar",171.68,Mechanical Engineering,1460,,,
461,student,noman461,noman461@123,Noman Rehman,"House 229, Faisalabad",74.72,Business Administration,1461,,,
462,student,zain462,zain462@123,Zain Baig,"House 830, Islamabad",1.12,Mathematics,1462,,,
463,student,ahsan463,ahsan463@123,Ahsan Farooq,"House 964, Hyderabad",58.19,Electrical Engineering,1463,,,
464,student,ahsan464,ahsan464@123,Ahsan Hussain,"House 531, Multan",19.29,Electrical Engineering,1464,,,
465,student,usman465,usman465@123,Usman Qureshi,"House 106, Sialkot",198.01,Software Engineering,1465,,,
466,student,saad466,saad466@123,Saad Khan,"House 763, Faisalabad",123.86,Mathematics,1466,,,
467,student,hassan467,hassan467@123,Hassan Iqbal,"House 920, Quetta",187.34,Computer Science,1467,,,
468,student,kamran468,kamran468@123,Kamran Siddiqui,"House 829, Multan",109.32,Business Administration,1468,,,
469,student,danish469,danish469@123,Danish Farooq,"House 13, Islamabad",194.83,Electrical Engineering,1469,,,
470,student,ali470,ali470@123,Ali Siddiqui,"House 382, Lahore",156.6,Mathematics,1470,,,
471,student,tariq471,tariq471@123,Tariq Malik,"House 460, Multan",168.97,Computer Science,1471,,,
472,student,ahsan472,ahsan472@123,Ahsan Sheikh,"House 405, Karachi",190.96,Electrical Engineering,1472,,,
473,student,imran473,imran473@123,Imran Sheikh,"House 236, Islamabad",92.73,Mechanical Engineering,1473,,,
474,student,ahmed474,ahmed474@123,Ahmed Sheikh,"House 986, Rawalpindi",82.94,Computer Science,1474,,,
475,student,zain475,zain475@123,Zain Ansari,"House 411, Lahore",195.12,Software Engineering,1475,,,
476,student,noman476,noman476@123,Noman Ansari,"House 671, Karachi",132.67,Business Administration,1476,,,
477,student,salman477,salman477@123,Salman Ansari,"House 811, Peshawar",16.25,Electrical Engineering,1477,,,
478,student,adnan478,adnan478@123,Adnan Hussain,"House 357, Lahore",82.88,Software Engineering,1478,,,
479,student,saad479,saad479@123,Saad Baig,"House 123, Sialkot",28.93,Mechanical Engineering,1479,,,
480,student,hassan480,hassan480@123,Hassan Ansari,"House 485, Islamabad",169.92,Mathematics,1480,,,
481,student,adnan481,adnan481@123,Adnan Malik,"House 139, Multan",36.46,Business Administration,1481,,,
482,student,kamran482,kamran482@123,Kamran Khan,"House 318, Karachi",33.65,Computer Science,1482,,,
483,student,hassan483,hassan483@123,Hassan Qureshi,"House 757, Hyderabad",187.12,Business Administration,1483,,,
484,student,danish484,danish484@123,Danish Baig,"House 394, Faisalabad",141.36,Software Engineering,1484,,,
485,student,ahsan485,ahsan485@123,Ahsan Ansari,"House 99, Peshawar",137.43,Software Engineering,1485,,,
486,student,ali486,ali486@123,Ali Baig,"House 18, Faisalabad",186.76,Electrical Engineering,1486,,,
487,student,bilal487,bilal487@123,Bilal Butt,"House 661, Rawalpindi",189.69,Software Engineering,1487,,,
488,student,rizwan488,rizwan488@123,Rizwan Shah,"House 946, Rawalpindi",25.68,Software Engineering,1488,,,
489,student,adnan489,adnan489@123,Adnan Butt,"House 894, Karachi",171.88,Software Engineering,1489,,,
490,student,farhan490,farhan490@123,Farhan Ahmed,"House 985, Quetta",28.44,Mathematics,1490,,,
491,student,imran491,imran491@123,Imran Qureshi,"House 216, Islamabad",127.91,Business Administration,1491,,,
492,student,usman492,usman492@123,Usman Shah,"House 289, Karachi",136.53,Software Engineering,1492,,,
493,student,ahsan493,ahsan493@123,Ahsan Qureshi,"House 707, Lahore",82.55,Business Administration,1493,,,
494,student,saad494,saad494@123,Saad Baig,"House 482, Peshawar",138.45,Software Engineering,1494,,,
495,student,hussain495,hussain495@123,Hussain Hussain,"House 902, Hyderabad",79.87,Mathematics,1495,,,
496,student,rizwan496,rizwan496@123,Rizwan Butt,"House 607, Hyderabad",159.07,Mechanical Engineering,1496,,,
497,student,shahzaib497,shahzaib497@123,Shahzaib Malik,"House 315, Peshawar",33.02,Mathematics,1497,,,
498,student,kamran498,kamran498@123,Kamran Farooq,"House 24, Multan",57.36,Mechanical Engineering,1498,,,
499,student,zain499,zain499@123,Zain Baig,"House 810, Karachi",66.03,Business Administration,1499,,,
500,student,salman500,salman500@123,Salman Ahmed,"House 513, Multan",141.43,Physics,1500,,,
501,teacher,saad501,saad501@123,Saad Sheikh,"House 632, Faisalabad",44.36,Software Engineering,,Professor,,
502,teacher,salman502,salman502@123,Salman Chaudhry,"House 173, Rawalpindi",121.53,Mechanical Engineering,,Lab Instructor,,
503,teacher,ahmed503,ahmed503@123,Ahmed Ahmed,"House 251, Multan",156.39,Physics,,Lab Instructor,,
504,teacher,rizwan504,rizwan504@123,Rizwan Iqbal,"House 83, Rawalpindi",451.12,Computer Science,,Professor,,
505,teacher,usman505,usman505@123,Usman Siddiqui,"House 496, Karachi",197.47,Physics,,Associate Professor,,
506,teacher,noman506,noman506@123,Noman Shah,"House 777, Peshawar",254.49,Mechanical Engineering,,Lab Instructor,,
507,teacher,salman507,salman507@123,Salman Butt,"House 643, Hyderabad",269.83,Physics,,Assistant Professor,,
508,teacher,ahmed508,ahmed508@123,Ahmed Malik,"House 971, Rawalpindi",395.85,Business Administration,,Lecturer,,
509,teacher,noman509,noman509@123,Noman Rehman,"House 173, Quetta",391.12,Electrical Engineering,,Lecturer,,
510,teacher,imran510,imran510@123,Imran Qureshi,"House 741, Quetta",466.09,Mathematics,,Associate Professor,,
511,teacher,danish511,danish511@123,Danish Khan,"House 898, Peshawar",440.63,Software Engineering,,Professor,,
512,teacher,noman512,noman512@123,Noman Farooq,"House 110, Hyderabad",287.36,Electrical Engineering,,Lecturer,,
513,teacher,adnan513,adnan513@123,Adnan Iqbal,"House 322, Multan",194.05,Electrical Engineering,,Associate Professor,,
514,teacher,rizwan514,rizwan514@123,Rizwan Farooq,"House 265, Rawalpindi",338.27,Physics,,Lecturer,,
515,teacher,hassan515,hassan515@123,Hassan Qureshi,"House 12, Faisalabad",15.58,Software Engineering,,Lecturer,,
516,teacher,bilal516,bilal516@123,Bilal Ahmed,"House 381, Rawalpindi",80.01,Electrical Engineering,,Professor,,
517,teacher,farhan517,farhan517@123,Farhan Iqbal,"House 688, Faisalabad",304.4,Computer Science,,Professor,,
518,teacher,usman518,usman518@123,Usman Khan,"House 774, Karachi",319.17,Business Administration,,Lab Instructor,,
519,teacher,shahzaib519,shahzaib519@123,Shahzaib Farooq,"House 970, Sialkot",53.59,Mechanical Engineering,,Lecturer,,
520,teacher,zain520,zain520@123,Zain Qureshi,"House 944, Multan",304.99,Mathematics,,Professor,,
521,teacher,hamza521,hamza521@123,Hamza Qureshi,"House 41, Quetta",269.43,Mathematics,,Lecturer,,
522,teacher,tariq522,tariq522@123,Tariq Khan,"House 970, Karachi",299.31,Business Administration,,Professor,,
523,teacher,kamran523,kamran523@123,Kamran Butt,"House 803, Sialkot",202.29,Physics,,Associate Professor,,
524,teacher,farhan524,farhan524@123,Farhan Iqbal,"House 214, Quetta",306.89,Software Engineering,,Associate Professor,,
525,teacher,hussain525,hussain525@123,Hussain Rehman,"House 273, Islamabad",317.15,Computer Science,,Lecturer,,
526,teacher,kamran526,kamran526@123,Kamran Malik,"House 372, Islamabad",499.25,Electrical Engineering,,Assistant Professor,,
527,teacher,rizwan527,rizwan527@123,Rizwan Siddiqui,"House 679, Hyderabad",25.39,Physics,,Lecturer,,
528,teacher,ali528,ali528@123,Ali Hussain,"House 574, Peshawar",356.62,Mathematics,,Associate Professor,,
529,teacher,salman529,salman529@123,Salman Siddiqui,"House 610, Peshawar",35.41,Physics,,Lecturer,,
530,teacher,imran530,imran530@123,Imran Iqbal,"House 901, Islamabad",216.35,Mathematics,,Professor,,
531,teacher,bilal531,bilal531@123,Bilal Chaudhry,"House 163, Faisalabad",388.22,Computer Science,,Associate Professor,,
532,teacher,hussain532,hussain532@123,Hussain Hussain,"House 198, Hyderabad",421.1,Business Administration,,Associate Professor,,
533,teacher,farhan533,farhan533@123,Farhan Qureshi,"House 37, Peshawar",118.33,Physics,,Professor,,
534,teacher,saad534,saad534@123,Saad Farooq,"House 573, Sialkot",270.98,Business Administration,,Lab Instructor,,
535,teacher,farhan535,farhan535@123,Farhan Chaudhry,"House 777, Rawalpindi",131.24,Mechanical Engineering,,Assistant Professor,,
536,teacher,tariq536,tariq536@123,Tariq Ansari,"House 274, Lahore",33.38,Computer Science,,Professor,,
537,teacher,rizwan537,rizwan537@123,Rizwan Malik,"House 304, Karachi",429.59,Software Engineering,,Lab Instructor,,
538,teacher,saad538,saad538@123,Saad Iqbal,"House 122, Karachi",371.16,Mathematics,,Lab Instructor,,
539,teacher,hamza539,hamza539@123,Hamza Qureshi,"House 219, Peshawar",198.47,Electrical Engineering,,Lecturer,,
540,teacher,salman540,salman540@123,Salman Farooq,"House 109, Lahore",78.01,Software Engineering,,Lecturer,,
541,teacher,hassan541,hassan541@123,Hassan Hussain,"House 851, Faisalabad",141.73,Physics,,Assistant Professor,,
542,teacher,bilal542,bilal542@123,Bilal Sheikh,"House 311, Lahore",403.58,Computer Science,,Lab Instructor,,
543,teacher,zain543,zain543@123,Zain Siddiqui,"House 12, Karachi",400.79,Electrical Engineering,,Associate Professor,,
544,teacher,hassan544,hassan544@123,Hassan Ansari,"House 794, Karachi",496.34,Business Administration,,Assistant Professor,,
545,teacher,ali545,ali545@123,Ali Butt,"House 437, Quetta",130.14,Electrical Engineering,,Professor,,
546,teacher,adnan546,adnan546@123,Adnan Sheikh,"House 741, Sialkot",218.23,Mechanical Engineering,,Assistant Professor,,
547,teacher,rizwan547,rizwan547@123,Rizwan Iqbal,"House 76, Islamabad",304.26,Physics,,Lab Instructor,,
548,teacher,saad548,saad548@123,Saad Malik,"House 610, Rawalpindi",49.58,Physics,,Professor,,
549,teacher,salman549,salman549@123,Salman Chaudhry,"House 90, Hyderabad",298.73,Business Administration,,Associate Professor,,
550,teacher,hassan550,hassan550@123,Hassan Siddiqui,"House 748, Faisalabad",97.1,Mechanical Engineering,,Assistant Professor,,
551,teacher,hamza551,hamza551@123,Hamza Khan,"House 855, Rawalpindi",365.41,Physics,,Professor,,
552,teacher,rizwan552,rizwan552@123,Rizwan Siddiqui,"House 721, Hyderabad",324.71,Physics,,Lecturer,,
553,teacher,ahmed553,ahmed553@123,Ahmed Butt,"House 167, Hyderabad",135.95,Physics,,Professor,,
554,teacher,usman554,usman554@123,Usman Ahmed,"House 775, Quetta",75.28,Physics,,Assistant Professor,,
555,teacher,adnan555,adnan555@123,Adnan Qureshi,"House 868, Islamabad",244.18,Electrical Engineering,,Assistant Professor,,
556,teacher,shahzaib556,shahzaib556@123,Shahzaib Qureshi,"House 516, Peshawar",258.14,Electrical Engineering,,Assistant Professor,,
557,teacher,hussain557,hussain557@123,Hussain Rehman,"House 944, Multan",105.17,Mathematics,,Professor,,
558,teacher,rizwan558,rizwan558@123,Rizwan Ahmed,"House 643, Quetta",43.31,Mechanical Engineering,,Assistant Professor,,
559,teacher,salman559,salman559@123,Salman Hussain,"House 912, Karachi",487.14,Electrical Engineering,,Assistant Professor,,
560,teacher,hamza560,hamza560@123,Hamza Baig,"House 740, Rawalpindi",198.24,Business Administration,,Assistant Professor,,
561,teacher,tariq561,tariq561@123,Tariq Malik,"House 4, Multan",477.63,Computer Science,,Professor,,
562,teacher,shahzaib562,shahzaib562@123,Shahzaib Ahmed,"House 646, Islamabad",247.28,Software Engineering,,Professor,,
563,teacher,ahsan563,ahsan563@123,Ahsan Baig,"House 715, Peshawar",404.64,Business Administration,,Lecturer,,
564,teacher,zain564,zain564@123,Zain Shah,"House 676, Quetta",394.66,Mechanical Engineering,,Lab Instructor,,
565,teacher,hussain565,hussain565@123,Hussain Iqbal,"House 201, Lahore",229.15,Physics,,Assistant Professor,,
566,teacher,hamza566,hamza566@123,Hamza Ahmed,"House 224, Hyderabad",47.3,Computer Science,,Associate Professor,,
567,teacher,rizwan567,rizwan567@123,Rizwan Qureshi,"House 981, Sialkot",59.48,Physics,,Professor,,
568,teacher,bilal568,bilal568@123,Bilal Malik,"House 284, Hyderabad",328.51,Electrical Engineering,,Lecturer,,
569,teacher,danish569,danish569@123,Danish Ahmed,"House 762, Lahore",393.08,Mathematics,,Lecturer,,
570,teacher,hassan570,hassan570@123,Hassan Hussain,"House 308, Multan",376.0,Software Engineering,,Associate Professor,,
571,staff,danish601,danish601@123,Danish Siddiqui,"House 888, Sialkot",138.03,,,,Assistant Librarian,
572,staff,imran602,imran602@123,Imran Rehman,"House 349, Lahore",31.52,,,,Librarian,
573,staff,ahsan603,ahsan603@123,Ahsan Qureshi,"House 397, Rawalpindi",77.0,,,,Technician,
574,staff,usman604,usman604@123,Usman Hussain,"House 564, Sialkot",94.73,,,,Librarian,
575,staff,saad605,saad605@123,Saad Hussain,"House 637, Multan",4.82,,,,Office Assistant,
576,staff,salman606,salman606@123,Salman Malik,"House 981, Quetta",139.65,,,,Technician,
577,staff,hassan607,hassan607@123,Hassan Rehman,"House 479, Hyderabad",19.19,,,,Clerk,
578,staff,noman608,noman608@123,Noman Baig,"House 907, Rawalpindi",138.4,,,,Clerk,
579,staff,imran609,imran609@123,Imran Ahmed,"House 80, Faisalabad",83.07,,,,Librarian,
580,staff,noman610,noman610@123,Noman Chaudhry,"House 630, Karachi",105.93,,,,Technician,
581,staff,kamran611,kamran611@123,Kamran Malik,"House 717, Rawalpindi",23.18,,,,Clerk,
582,staff,tariq612,tariq612@123,Tariq Chaudhry,"House 430, Multan",95.47,,,,Assistant Librarian,
583,staff,hussain613,hussain613@123,Hussain Ansari,"House 33, Karachi",134.7,,,,Librarian,
584,staff,danish614,danish614@123,Danish Chaudhry,"House 341, Peshawar",48.4,,,,Librarian,
585,staff,zain615,zain615@123,Zain Rehman,"House 952, Sialkot",125.98,,,,Office Assistant,
586,staff,ahsan616,ahsan616@123,Ahsan Ahmed,"House 298, Hyderabad",59.64,,,,Office Assistant,
587,staff,noman617,noman617@123,Noman Ansari,"House 938, Islamabad",64.56,,,,Technician,
588,staff,hussain618,hussain618@123,Hussain Baig,"House 985, Rawalpindi",25.91,,,,Office Assistant,
589,staff,hassan619,hassan619@123,Hassan Rehman,"House 281, Faisalabad",34.56,,,,Assistant Librarian,
590,staff,ahmed620,ahmed620@123,Ahmed Butt,"House 530, Peshawar",140.15,,,,Assistant Librarian,
591,premium,noman701,noman701@123,Noman Rehman,"House 162, Lahore",604.55,,,,,Diamond
592,premium,saad702,saad702@123,Saad Baig,"House 765, Peshawar",130.06,,,,,Gold
593,premium,kamran703,kamran703@123,Kamran Farooq,"House 622, Islamabad",459.68,,,,,Gold
594,premium,shahzaib704,shahzaib704@123,Shahzaib Malik,"House 437, Lahore",965.02,,,,,Diamond
595,premium,hussain705,hussain705@123,Hussain Khan,"House 933, Multan",856.31,,,,,Gold
596,premium,saad706,saad706@123,Saad Chaudhry,"House 55, Karachi",197.15,,,,,Diamond
597,premium,kamran707,kamran707@123,Kamran Khan,"House 273, Karachi",808.1,,,,,Diamond
598,premium,bilal708,bilal708@123,Bilal Khan,"House 344, Islamabad",639.33,,,,,Platinum
599,premium,saad709,saad709@123,Saad Ansari,"House 191, Hyderabad",129.51,,,,,Diamond
600,premium,ahmed710,ahmed710@123,Ahmed Ansari,"House 433, Peshawar",230.61,,,,,Diamond
601,premium,hamza711,hamza711@123,Hamza Qureshi,"House 49, Quetta",964.64,,,,,Gold
602,premium,ahsan712,ahsan712@123,Ahsan Siddiqui,"House 153, Peshawar",286.91,,,,,Diamond
603,premium,salman713,salman713@123,Salman Hussain,"House 365, Sialkot",437.16,,,,,Platinum
604,premium,farhan714,farhan714@123,Farhan Ansari,"House 985, Quetta",377.04,,,,,Diamond
605,premium,danish715,danish715@123,Danish Shah,"House 670, Quetta",598.66,,,,,Platinum
606,premium,noman716,noman716@123,Noman Siddiqui,"House 621, Peshawar",203.3,,,,,Diamond
607,premium,bilal717,bilal717@123,Bilal Sheikh,"House 114, Sialkot",206.69,,,,,Platinum
608,premium,usman718,usman718@123,Usman Hussain,"House 571, Islamabad",498.48,,,,,Diamond
609,premium,saad719,saad719@123,Saad Butt,"House 208, Islamabad",969.24,,,,,Platinum
610,premium,saad720,saad720@123,Saad Qureshi,"House 827, Rawalpindi",499.25,,,,,Gold
611,premium,salman721,salman721@123,Salman Shah,"House 53, Faisalabad",860.44,,,,,Diamond
612,premium,bilal722,bilal722@123,Bilal Chaudhry,"House 975, Karachi",559.66,,,,,Platinum
613,premium,ahmed723,ahmed723@123,Ahmed Farooq,"House 337, Karachi",538.32,,,,,Gold
614,premium,shahzaib724,shahzaib724@123,Shahzaib Rehman,"House 492, Rawalpindi",847.89,,,,,Gold
615,premium,saad725,saad725@123,Saad Shah,"House 867, Peshawar",197.52,,,,,Platinum
616,premium,hamza726,hamza726@123,Hamza Ansari,"House 910, Sialkot",275.82,,,,,Platinum
617,premium,noman727,noman727@123,Noman Shah,"House 799, Rawalpindi",266.45,,,,,Diamond
618,premium,noman728,noman728@123,Noman Sheikh,"House 808, Multan",513.21,,,,,Diamond
619,premium,hamza729,hamza729@123,Hamza Qureshi,"House 73, Sialkot",412.5,,,,,Diamond
620,premium,ahsan730,ahsan730@123,Ahsan Ahmed,"House 586, Islamabad",115.0,,,,,Diamond
621,premium,bilal731,bilal731@123,Bilal Farooq,"House 800, Sialkot",287.11,,,,,Gold
622,premium,ahsan732,ahsan732@123,Ahsan Baig,"House 779, Karachi",492.2,,,,,Gold
623,premium,noman733,noman733@123,Noman Butt,"House 324, Karachi",265.5,,,,,Platinum
624,premium,bilal734,bilal734@123,Bilal Siddiqui,"House 110, Faisalabad",287.42,,,,,Platinum
625,premium,hassan735,hassan735@123,Hassan Ahmed,"House 292, Sialkot",924.47,,,,,Platinum
626,premium,imran736,imran736@123,Imran Ahmed,"House 526, Karachi",580.23,,,,,Diamond
627,premium,adnan737,adnan737@123,Adnan Iqbal,"House 560, Islamabad",651.75,,,,,Diamond
628,premium,bilal738,bilal738@123,Bilal Qureshi,"House 441, Karachi",465.84,,,,,Gold
629,premium,zain739,zain739@123,Zain Chaudhry,"House 565, Faisalabad",728.08,,,,,Diamond
630,premium,farhan740,farhan740@123,Farhan Siddiqui,"House 966, Lahore",716.73,,,,,Gold
631,premium,hamza741,hamza741@123,Hamza Hussain,"House 653, Peshawar",982.17,,,,,Gold
632,premium,zain742,zain742@123,Zain Rehman,"House 769, Karachi",302.05,,,,,Platinum
633,premium,farhan743,farhan743@123,Farhan Farooq,"House 794, Islamabad",602.55,,,,,Diamond
634,premium,usman744,usman744@123,Usman Rehman,"House 148, Peshawar",356.69,,,,,Diamond
635,premium,shahzaib745,shahzaib745@123,Shahzaib Siddiqui,"House 957, Multan",862.76,,,,,Gold
636,premium,danish746,danish746@123,Danish Khan,"House 413, Islamabad",990.17,,,,,Diamond
637,premium,hassan747,hassan747@123,Hassan Shah,"House 624, Islamabad",810.48,,,,,Gold
638,premium,imran748,imran748@123,Imran Chaudhry,"House 795, Karachi",242.98,,,,,Gold
639,premium,imran749,imran749@123,Imran Iqbal,"House 965, Peshawar",323.09,,,,,Platinum
640,premium,hassan750,hassan750@123,Hassan Ansari,"House 53, Faisalabad",606.04,,,,,Platinum
641,admin,admin1,admin1@123,Ali Raza,"House 707, Rawalpindi",0.0,,,,,
642,admin,admin2,admin2@123,Usman Tariq,"House 316, Lahore",0.0,,,,,
643,admin,admin3,admin3@123,Hassan Qureshi,"House 638, Sialkot",0.0,,,,,
